id,Name,Status,Last run,Created by,Created,
tdompvp,Tag Cleanup,Refreshed,a month ago,UN OCHA,2 months ago,
xebl4uj,HXL Validation,Unknown,Never,UN OCHA,3 months ago,
tnzmdzl,UNESCO scraper,Refreshed,4 days ago,UN OCHA,8 months ago,
3zgvabr,IDMC scraper,Refreshed,5 days ago,UN OCHA,10 months ago,
xnemvl4,World Bank scraper,Refreshed,5 days ago,UN OCHA,10 months ago,
dd7q4bs,WHO scraper,Refreshed,5 days ago,UN OCHA,10 months ago,
5ifzmgb,FTS scraper,Run failed: <class 'hdx.data.hdxobject.HDXError'>,5 hours ago,UN OCHA,a year ago,
nalq55x,Datastore Update Helper Tool,Unknown,Never,UN OCHA,a year ago,
qmxf344,Untitled dataset,Unknown,Never,UN OCHA,a year ago,
eqrbm0v,CERF Projects Scraper - ACTIVE!,"Checked: 2017-07-06 01:00:28.690337, Updated: 2017-07-01 01:00:25.958693",a year ago,UN OCHA,2 years ago,
rgnpwvq,CERF Donor Contributions Scraper - ACTIVE!,"Checked: 2017-07-06 22:00:20.338747, Updated: 2017-06-30 16:00:23.890521",a year ago,UN OCHA,2 years ago,
gyinupn,Untitled dataset,Unknown,Never,Aidan McGuire,2 years ago,
snlckab,Untitled dataset,Unknown,Never,Aidan McGuire,2 years ago,
eyjkp6g,ReliefWeb Crisis Data Scraper - ACTIVE!,"Checked: 2018-07-23 07:00:24.178203, Updated: 2018-07-21 03:30:22.045406",21 minutes ago,UN OCHA,2 years ago,
duxzdcn,Scraper VDC Syria,Unknown,Never,UN OCHA,2 years ago,
osffr7m,ACLED Scraper,Refreshed,7 days ago,UN OCHA,2 years ago,
1qvimwt,UPS blog posts,Refreshed,2 years ago,UN OCHA,2 years ago,
y3ilgtt,DISABLED Fiji Topline Figures,Refreshed,a year ago,UN OCHA,2 years ago,
gfudhzb,WFP mVAM Collector,Refreshed,a day ago,UN OCHA,2 years ago,
fwaccbc,WorldPop Scraper,Refreshed,6 days ago,UN OCHA,3 years ago,
69ukt9c,IFPRI Dataverse Collector,Failed to collect data.,2 years ago,UN OCHA,3 years ago,
fhsehwp,NCDC / NOAA Precipitation Collector,Unknown,Never,UN OCHA,3 years ago,
wrqvxsr,World Bank Climate Collector,Refreshed,3 years ago,UN OCHA,3 years ago,
fflzvxg,UNDP Climate Collector,Refreshed,3 years ago,UN OCHA,3 years ago,
n9fnudn,WHO Health,Refreshed,3 years ago,UN OCHA,3 years ago,
dkrqsls,OCHA CERF Collector,Refreshed,7 hours ago,UN OCHA,3 years ago,
f5v2lou,HDX Source Count Tracker - ACTIVE!,Refreshed,2 years ago,UN OCHA,3 years ago,
k4qrnvg,FAO Collector,Refreshed,3 years ago,UN OCHA,3 years ago,
r1fjuhb,OpenNepal Scraper,Refreshed,2 years ago,UN OCHA,3 years ago,
dhrmllc,UNHCR Mediterranean Collector,Refreshed,2 years ago,UN OCHA,3 years ago,
gzk5p3z,HDRO Collector,Refreshed,3 years ago,UN OCHA,3 years ago,
8rwpgu2,Datastore: Feature Organization Page,Refreshed,3 years ago,UN OCHA,3 years ago,
md49udj,FTS Collector,Refreshed,3 years ago,UN OCHA,3 years ago,
pkf3exn,HDX Registered Users Stats - ACTIVE!,Refreshed,2 years ago,UN OCHA,3 years ago,
phqu8jq,UN Habitat,Refreshed,3 years ago,UN OCHA,3 years ago,
dvmy0d0,DISABLED OCHA Afghanistan Topline Figures,Refreshed,6 months ago,UN OCHA,3 years ago,
dmxoe8n,DISABLED UNOSAT Topline Figures,Refreshed,6 months ago,UN OCHA,3 years ago,
lgfoslr,UNOSAT Flood Portal,Error collecting data.,22 days ago,UN OCHA,3 years ago,
lqvlm2k,DISABLED DataStore: UNHCR Topline Figures,Refreshed,6 months ago,UN OCHA,3 years ago,
lkbrks7,FTS: Nepal Earthquake Coverage,Refreshed,3 years ago,UN OCHA,3 years ago,
gbz9du2,DISABLED Nepal Earthquake Topline Figures,Refreshed,6 months ago,UN OCHA,3 years ago,
deudwxf,DISABLED WFP VAM API Scraper,Error collecting data.,2 months ago,UN OCHA,3 years ago,
3zarzzv,OCHA ORS Scraper,Refreshed,3 years ago,UN OCHA,3 years ago,
morwql7,DISABLED Somalia NGO Topline Figures,Refreshed,6 months ago,UN OCHA,3 years ago,
yhzaffo,DataStore: Nutrition SMART Survey,Refreshed,3 years ago,UN OCHA,3 years ago,
tnybxwi,WFP Food Prices (full),Refreshed,3 years ago,UN OCHA,3 years ago,
dhgdxez,DISABLED DataStore: Mali Topline Figures,Refreshed,6 months ago,UN OCHA,3 years ago,
mcu9bxo,DISABLED FTS Emergency Collector,Refreshed,a year ago,UN OCHA,3 years ago,
c7eyvfx,DISABLED FTS Appeals Collector,Refreshed,a year ago,UN OCHA,3 years ago,
1j9wswr,DISABLED DataStore: WFP Topline Figures,Refreshed,6 months ago,UN OCHA,3 years ago,
bvmzl6n,Guinea 3W Validation + DataStore,Refreshed,2 years ago,UN OCHA,3 years ago,
g7nnqgn,DISABLED WHO Ebola SitRep Scraper,Refreshed,6 months ago,UN OCHA,3 years ago,
f0pk6nf,DISABLED UNOSAT Product Scraper,Failed to register resources.,a year ago,UN OCHA,4 years ago,
7c6jufm,HDX Management Statistics - ACTIVE!,Refreshed,2 years ago,UN OCHA,4 years ago,
4h129ru,UN Iraq Casualty Figures,Refreshed,2 years ago,UN OCHA,4 years ago,
afbxebw,OCHA Syria Key Humanitarian Figures,Refreshed,3 years ago,UN OCHA,4 years ago,
3ux7isx,HDX ebola-cases-2014 dataset updater,Refreshed,4 years ago,UN OCHA,4 years ago,
pbvcgsz,DataStore: Colombia Page Indicators,Refreshed,3 years ago,UN OCHA,4 years ago,
spsrjzq,DISABLED DataStore: Colombia Topline Figures,Refreshed,6 months ago,UN OCHA,4 years ago,
egzfk1p,Colombia SIDIH,Refreshed,3 years ago,UN OCHA,4 years ago,
jn8jrse,Ebola Data Lister,Refreshed,2 years ago,UN OCHA,4 years ago,
3ou67vm,DISABLED DataStore: Topline Ebola Outbreak Figures,Refreshed,6 months ago,UN OCHA,4 years ago,
kjaolpi,DISABLED FTS Ebola Coverage,Refreshed,6 months ago,UN OCHA,4 years ago,
m3gwddd,FTS Ebola,Refreshed,2 years ago,UN OCHA,4 years ago,
hkiw9sb,HDX ebola-cases-2014 Data for Visualisation,Refreshed,2 years ago,UN OCHA,4 years ago,
bdiq9rh,DISABLED WHO GAR,Refreshed,2 years ago,UN OCHA,4 years ago,
mfx18jd,Alert: HDX Dataset Revision,Refreshed,a few seconds ago,UN OCHA,4 years ago,
7g2hvyz,NGO AidMap Ebola Projects,Refreshed,3 years ago,UN OCHA,4 years ago,
a4sffig,HealthMap Ebola News (geo),Refreshed,3 years ago,UN OCHA,4 years ago,
s6ahhhn,ReliefWeb Scraper,Scraper failed.,3 years ago,UN OCHA,4 years ago,
ilkxllp,IDMC Global Figures,Refreshed,2 years ago,UN OCHA,4 years ago,
3grrlc8,CAP Appeals Scraper,Refreshed,3 years ago,UN OCHA,4 years ago,
xsyawmd,CPSer,Refreshed,3 years ago,UN OCHA,4 years ago,
eniyl0w,OCHA ROWCA ORS,Refreshed,3 years ago,UN OCHA,4 years ago,
ye7nhjd,UNHCR Real-time API,Error,2 years ago,UN OCHA,4 years ago,
zaflugd,HDX Repo Analytics,Error,2 years ago,UN OCHA,4 years ago,
gbgac6a,Dragon - FTS,Refreshed,2 years ago,Dragon Dave,4 years ago,
bcbk6tq,Dragon - ReliefWeb R,Refreshed,2 years ago,Dragon Dave,4 years ago,
enf6nmy,DAP,novel_undp.py:hdr-disaster.py:hdr_new.py:worldbank-lendinggroups.py:esa.py:emdat.py: failed,2 years ago,Unknown,Never,
